Cluster,id,age,sex,region,income,married,children,car,save_act,current_act,mortgage,pep
cluster0,ID12102,40,MALE,TOWN,"$30,085",YES,3,YES,NO,YES,YES,NO
cluster0,ID12103,51,FEMALE,INNER_CITY,"$16,575",YES,0,YES,YES,YES,NO,NO
cluster0,ID12108,58,MALE,TOWN,"$24,947",YES,0,YES,YES,YES,NO,NO
cluster0,ID12109,37,FEMALE,SUBURBAN,"$25,304",YES,2,YES,NO,NO,NO,NO
cluster0,ID12110,54,MALE,TOWN,"$24,212",YES,2,YES,YES,YES,NO,NO
cluster0,ID12111,66,FEMALE,TOWN,"$59,804",YES,0,NO,YES,YES,NO,NO
cluster0,ID12112,52,FEMALE,INNER_CITY,"$26,659",NO,0,YES,YES,YES,YES,NO
cluster0,ID12115,36,MALE,RURAL,"$19,475",YES,0,NO,YES,YES,YES,NO
cluster0,ID12116,38,FEMALE,INNER_CITY,"$22,342",YES,0,YES,YES,YES,YES,NO
cluster0,ID12120,31,MALE,TOWN,"$22,523",YES,0,YES,YES,YES,NO,NO
cluster0,ID12122,50,MALE,TOWN,"$16,497",YES,2,NO,YES,YES,NO,NO
cluster0,ID12123,54,MALE,INNER_CITY,"$38,447",YES,0,NO,YES,YES,NO,NO
cluster0,ID12125,22,MALE,INNER_CITY,"$12,640",NO,2,YES,YES,YES,NO,NO
cluster0,ID12126,56,MALE,INNER_CITY,"$41,034",YES,0,YES,YES,YES,YES,NO
cluster0,ID12127,45,MALE,INNER_CITY,"$20,810",YES,0,NO,YES,YES,YES,NO
cluster0,ID12129,39,FEMALE,INNER_CITY,"$29,359",NO,3,YES,NO,YES,YES,NO
cluster0,ID12133,45,MALE,SUBURBAN,"$23,443",YES,1,YES,YES,YES,NO,YES
cluster0,ID12134,33,FEMALE,INNER_CITY,"$29,921",NO,3,YES,YES,NO,NO,NO
cluster0,ID12137,19,MALE,RURAL,"$10,953",YES,3,YES,YES,YES,NO,NO
cluster0,ID12139,43,FEMALE,TOWN,"$18,504",YES,0,YES,YES,YES,NO,NO
cluster0,ID12142,47,FEMALE,INNER_CITY,"$26,953",YES,0,YES,NO,YES,NO,NO
cluster0,ID12145,20,MALE,INNER_CITY,"$13,740",NO,2,YES,YES,YES,YES,NO
cluster0,ID12150,47,FEMALE,RURAL,"$17,867",YES,2,YES,YES,NO,NO,NO
cluster0,ID12158,28,MALE,INNER_CITY,"$23,125",YES,0,NO,YES,YES,NO,YES
cluster0,ID12163,47,MALE,INNER_CITY,"$27,023",YES,2,NO,YES,YES,NO,NO
cluster0,ID12164,20,MALE,INNER_CITY,"$11,700",YES,0,NO,YES,NO,NO,NO
cluster0,ID12165,21,MALE,TOWN,"$5,014",NO,0,YES,YES,YES,YES,NO
cluster0,ID12166,42,MALE,INNER_CITY,"$17,390",YES,0,NO,YES,YES,NO,NO
cluster0,ID12171,25,MALE,INNER_CITY,"$14,065",YES,3,YES,YES,YES,NO,NO
cluster0,ID12173,36,MALE,INNER_CITY,"$31,982",YES,3,YES,YES,YES,YES,YES
cluster0,ID12179,30,FEMALE,INNER_CITY,"$14,725",YES,0,YES,NO,YES,NO,NO
cluster0,ID12182,30,MALE,INNER_CITY,"$27,808",NO,3,NO,NO,YES,NO,NO
cluster0,ID12186,36,MALE,INNER_CITY,"$31,683",YES,1,YES,YES,YES,NO,YES
cluster0,ID12187,25,FEMALE,INNER_CITY,"$15,525",YES,0,NO,YES,YES,NO,NO
cluster0,ID12189,30,MALE,SUBURBAN,"$15,849",YES,0,YES,YES,NO,YES,NO
cluster0,ID12194,61,MALE,INNER_CITY,"$42,579",YES,2,YES,YES,YES,NO,NO
cluster0,ID12195,61,FEMALE,INNER_CITY,"$41,127",YES,0,YES,YES,NO,NO,NO
cluster0,ID12196,18,FEMALE,INNER_CITY,"$9,990",YES,0,NO,YES,YES,NO,NO
cluster0,ID12200,18,FEMALE,RURAL,"$15,349",YES,0,YES,NO,YES,NO,NO
cluster0,ID12202,27,FEMALE,INNER_CITY,"$11,604",YES,2,YES,YES,YES,NO,NO
cluster0,ID12206,43,MALE,TOWN,"$32,396",YES,3,YES,YES,YES,NO,NO
cluster0,ID12207,49,MALE,RURAL,"$46,633",YES,0,YES,YES,NO,NO,NO
cluster0,ID12208,23,MALE,INNER_CITY,"$13,040",YES,0,NO,NO,YES,NO,NO
cluster0,ID12209,23,MALE,INNER_CITY,"$12,682",NO,0,NO,YES,YES,NO,YES
cluster0,ID12213,51,FEMALE,INNER_CITY,"$37,094",YES,0,YES,NO,YES,NO,NO
cluster0,ID12215,56,MALE,INNER_CITY,"$43,228",YES,1,YES,YES,YES,NO,YES
cluster0,ID12216,54,FEMALE,INNER_CITY,"$47,797",YES,0,NO,YES,YES,NO,NO
cluster0,ID12227,37,FEMALE,TOWN,"$25,258",YES,0,YES,YES,YES,NO,NO
cluster0,ID12228,48,FEMALE,INNER_CITY,"$42,604",YES,0,NO,YES,YES,NO,NO
cluster0,ID12229,41,MALE,TOWN,"$14,093",YES,3,YES,YES,YES,NO,NO
cluster0,ID12234,64,FEMALE,SUBURBAN,"$36,436",YES,0,YES,NO,YES,NO,NO
cluster0,ID12241,52,MALE,INNER_CITY,"$37,095",YES,3,NO,YES,YES,NO,NO
cluster0,ID12244,64,MALE,TOWN,"$48,975",YES,0,YES,YES,YES,YES,NO
cluster0,ID12247,34,MALE,TOWN,"$20,236",YES,2,YES,NO,YES,NO,NO
cluster0,ID12249,63,MALE,RURAL,"$25,733",YES,0,YES,YES,NO,NO,NO
cluster0,ID12250,30,FEMALE,SUBURBAN,"$28,240",YES,3,YES,YES,YES,NO,NO
cluster0,ID12255,41,MALE,RURAL,"$23,356",NO,2,YES,NO,NO,NO,NO
cluster0,ID12257,50,MALE,TOWN,"$26,463",YES,0,YES,YES,YES,NO,NO
cluster0,ID12258,24,MALE,RURAL,"$20,467",YES,2,YES,YES,YES,NO,NO
cluster0,ID12261,23,MALE,INNER_CITY,"$18,876",YES,2,YES,YES,YES,NO,NO
cluster0,ID12270,56,MALE,INNER_CITY,"$34,021",YES,0,NO,NO,YES,NO,NO
cluster0,ID12271,52,MALE,INNER_CITY,"$49,176",YES,0,YES,YES,YES,NO,NO
cluster0,ID12272,22,MALE,INNER_CITY,"$19,726",YES,2,NO,NO,YES,NO,NO
cluster0,ID12273,35,MALE,INNER_CITY,"$24,347",YES,3,YES,YES,YES,NO,NO
cluster0,ID12274,34,MALE,RURAL,"$26,999",YES,1,YES,YES,YES,NO,YES
cluster0,ID12277,40,MALE,TOWN,"$37,559",YES,0,YES,YES,YES,NO,NO
cluster0,ID12283,65,FEMALE,INNER_CITY,"$37,707",NO,0,YES,YES,YES,YES,NO
cluster0,ID12284,48,FEMALE,INNER_CITY,"$18,516",YES,2,YES,YES,YES,YES,NO
cluster0,ID12285,38,FEMALE,INNER_CITY,"$29,622",NO,0,YES,YES,NO,YES,NO
cluster0,ID12289,38,MALE,INNER_CITY,"$34,867",YES,2,YES,NO,YES,YES,NO
cluster0,ID12290,41,FEMALE,INNER_CITY,"$21,797",YES,0,NO,NO,YES,NO,NO
cluster0,ID12292,39,MALE,INNER_CITY,"$14,996",YES,1,YES,YES,NO,NO,NO
cluster0,ID12298,52,MALE,INNER_CITY,"$48,720",YES,2,YES,YES,YES,NO,YES
cluster0,ID12303,52,MALE,INNER_CITY,"$16,977",YES,0,NO,NO,YES,NO,NO
cluster0,ID12304,37,MALE,INNER_CITY,"$19,013",NO,3,YES,NO,YES,NO,NO
cluster0,ID12307,63,MALE,INNER_CITY,"$59,409",NO,0,YES,YES,YES,NO,YES
cluster0,ID12309,67,MALE,INNER_CITY,"$39,667",YES,0,YES,YES,YES,NO,NO
cluster0,ID12313,22,MALE,INNER_CITY,"$14,433",YES,0,YES,YES,YES,NO,YES
cluster0,ID12315,23,MALE,INNER_CITY,"$9,824",YES,0,NO,YES,YES,NO,NO
cluster0,ID12316,27,MALE,SUBURBAN,"$17,610",YES,0,NO,YES,YES,NO,NO
cluster0,ID12317,27,FEMALE,SUBURBAN,"$15,156",YES,0,YES,NO,YES,NO,NO
cluster0,ID12318,40,FEMALE,INNER_CITY,"$31,774",YES,3,YES,YES,YES,YES,NO
cluster0,ID12320,35,FEMALE,INNER_CITY,"$28,599",YES,0,YES,YES,YES,NO,NO
cluster0,ID12327,67,MALE,INNER_CITY,"$50,475",YES,2,YES,YES,YES,NO,YES
cluster0,ID12334,32,FEMALE,TOWN,"$30,404",YES,0,YES,YES,YES,NO,NO
cluster0,ID12340,23,MALE,INNER_CITY,"$12,824",YES,0,YES,YES,YES,NO,NO
cluster0,ID12343,67,MALE,INNER_CITY,"$35,264",YES,1,YES,YES,YES,NO,YES
cluster0,ID12344,34,FEMALE,INNER_CITY,"$19,968",YES,0,YES,YES,YES,NO,NO
cluster0,ID12345,50,MALE,RURAL,"$27,826",YES,2,YES,YES,NO,NO,NO
cluster0,ID12346,46,MALE,SUBURBAN,"$37,774",NO,0,YES,YES,YES,YES,NO
cluster0,ID12348,26,MALE,RURAL,"$21,384",YES,0,NO,NO,YES,NO,NO
cluster0,ID12349,40,MALE,TOWN,"$20,347",YES,3,NO,YES,YES,NO,NO
cluster0,ID12350,36,MALE,TOWN,"$21,332",YES,3,YES,NO,YES,NO,NO
cluster0,ID12351,65,MALE,INNER_CITY,"$57,672",NO,0,NO,YES,YES,YES,NO
cluster0,ID12361,22,MALE,SUBURBAN,"$17,180",YES,0,NO,YES,YES,NO,NO
cluster0,ID12364,60,FEMALE,INNER_CITY,"$46,358",YES,0,YES,YES,YES,YES,NO
cluster0,ID12365,23,MALE,INNER_CITY,"$19,166",NO,0,YES,YES,NO,NO,YES
cluster0,ID12369,63,FEMALE,TOWN,"$34,625",YES,0,YES,NO,YES,NO,NO
cluster0,ID12370,20,MALE,TOWN,"$16,673",NO,3,YES,NO,YES,YES,NO
cluster0,ID12373,36,MALE,TOWN,"$13,236",YES,0,NO,YES,YES,NO,NO
cluster0,ID12374,31,MALE,INNER_CITY,"$28,409",YES,1,YES,NO,YES,NO,YES
cluster0,ID12375,42,FEMALE,INNER_CITY,"$27,057",YES,0,YES,YES,YES,NO,NO
cluster0,ID12382,18,FEMALE,INNER_CITY,"$15,610",YES,0,NO,YES,YES,NO,NO
cluster0,ID12383,64,MALE,INNER_CITY,"$54,315",YES,1,YES,YES,NO,NO,YES
cluster0,ID12389,33,MALE,INNER_CITY,"$14,137",YES,1,NO,YES,NO,NO,NO
cluster0,ID12391,23,MALE,INNER_CITY,"$13,519",NO,0,NO,YES,YES,NO,YES
cluster0,ID12394,26,FEMALE,TOWN,"$20,951",YES,0,NO,YES,YES,NO,NO
cluster0,ID12396,34,MALE,TOWN,"$32,549",YES,0,YES,YES,YES,YES,NO
cluster0,ID12400,24,FEMALE,INNER_CITY,"$13,668",YES,0,NO,YES,YES,NO,NO
cluster0,ID12403,45,FEMALE,TOWN,"$29,231",YES,0,NO,YES,NO,NO,NO
cluster0,ID12408,38,MALE,RURAL,"$26,281",NO,0,YES,YES,YES,NO,YES
cluster0,ID12411,46,MALE,TOWN,"$30,659",YES,0,NO,YES,YES,NO,NO
cluster0,ID12415,54,FEMALE,TOWN,"$18,037",YES,0,YES,YES,NO,NO,NO
cluster0,ID12416,45,MALE,RURAL,"$42,628",NO,0,YES,YES,YES,YES,NO
cluster0,ID12417,60,MALE,INNER_CITY,"$22,110",NO,2,YES,YES,YES,NO,NO
cluster0,ID12420,39,MALE,SUBURBAN,"$21,951",NO,0,YES,YES,YES,YES,NO
cluster0,ID12425,36,MALE,SUBURBAN,"$28,495",YES,0,NO,YES,YES,NO,NO
cluster0,ID12434,48,MALE,SUBURBAN,"$17,861",YES,2,NO,YES,YES,NO,NO
cluster0,ID12438,65,MALE,INNER_CITY,"$38,081",YES,1,YES,YES,NO,YES,NO
cluster0,ID12441,45,FEMALE,SUBURBAN,"$28,865",YES,0,NO,YES,YES,NO,NO
cluster0,ID12443,64,MALE,INNER_CITY,"$53,104",YES,0,YES,YES,YES,NO,NO
cluster0,ID12444,51,FEMALE,INNER_CITY,"$19,417",YES,0,NO,YES,YES,NO,NO
cluster0,ID12445,34,MALE,RURAL,"$23,638",YES,2,YES,YES,YES,NO,NO
cluster0,ID12447,50,MALE,RURAL,"$39,745",YES,0,YES,YES,NO,YES,NO
cluster0,ID12448,66,FEMALE,INNER_CITY,"$45,190",YES,0,NO,YES,NO,NO,NO
cluster0,ID12449,63,MALE,INNER_CITY,"$37,931",YES,0,NO,YES,NO,YES,NO
cluster0,ID12464,19,FEMALE,TOWN,"$12,549",YES,0,NO,YES,YES,NO,NO
cluster0,ID12466,27,MALE,INNER_CITY,"$17,365",YES,2,YES,YES,NO,NO,YES
cluster0,ID12468,56,MALE,INNER_CITY,"$47,750",YES,0,YES,YES,YES,YES,NO
cluster0,ID12471,62,MALE,INNER_CITY,"$46,870",YES,0,NO,YES,YES,NO,NO
cluster0,ID12476,41,MALE,INNER_CITY,"$20,866",YES,0,YES,YES,YES,NO,NO
cluster0,ID12478,40,MALE,INNER_CITY,"$24,824",NO,2,NO,NO,YES,NO,NO
cluster0,ID12482,46,FEMALE,INNER_CITY,"$32,584",YES,2,YES,YES,YES,NO,NO
cluster0,ID12483,30,MALE,INNER_CITY,"$14,607",YES,1,NO,NO,YES,NO,NO
cluster0,ID12489,29,MALE,INNER_CITY,"$14,642",NO,0,YES,NO,YES,NO,YES
cluster0,ID12490,48,FEMALE,INNER_CITY,"$15,933",YES,0,NO,YES,NO,NO,NO
cluster0,ID12491,56,FEMALE,INNER_CITY,"$44,288",YES,0,NO,YES,YES,NO,NO
cluster0,ID12494,60,FEMALE,INNER_CITY,"$22,053",YES,2,YES,YES,NO,YES,NO
cluster0,ID12497,40,MALE,RURAL,"$25,769",YES,0,YES,YES,NO,NO,NO
cluster0,ID12500,43,MALE,TOWN,"$38,060",YES,0,YES,YES,NO,YES,NO
cluster0,ID12503,48,MALE,INNER_CITY,"$38,598",YES,0,YES,NO,YES,NO,NO
cluster0,ID12506,47,MALE,SUBURBAN,"$36,599",YES,3,YES,YES,YES,NO,YES
cluster0,ID12510,23,MALE,SUBURBAN,"$11,073",YES,2,NO,YES,NO,NO,NO
cluster0,ID12512,22,MALE,INNER_CITY,"$7,304",NO,0,YES,YES,YES,YES,NO
cluster0,ID12515,58,FEMALE,SUBURBAN,"$46,462",YES,0,NO,YES,YES,NO,NO
cluster0,ID12516,27,MALE,RURAL,"$20,059",YES,0,NO,YES,YES,YES,NO
cluster0,ID12521,64,MALE,INNER_CITY,"$48,951",YES,0,YES,YES,YES,YES,NO
cluster0,ID12523,22,MALE,INNER_CITY,"$11,411",YES,1,YES,NO,YES,NO,NO
cluster0,ID12524,58,FEMALE,INNER_CITY,"$43,941",YES,0,YES,YES,YES,NO,NO
cluster0,ID12533,46,MALE,TOWN,"$16,849",NO,0,YES,YES,YES,YES,NO
cluster0,ID12535,47,MALE,INNER_CITY,"$23,038",YES,0,YES,YES,NO,NO,NO
cluster0,ID12540,19,MALE,INNER_CITY,"$15,417",YES,1,YES,NO,YES,NO,NO
cluster0,ID12542,47,MALE,INNER_CITY,"$44,682",YES,0,YES,YES,YES,NO,NO
cluster0,ID12543,43,FEMALE,RURAL,"$36,281",YES,0,YES,YES,YES,NO,NO
cluster0,ID12546,40,MALE,RURAL,"$31,865",YES,0,YES,YES,YES,NO,NO
cluster0,ID12547,52,FEMALE,TOWN,"$43,720",YES,0,NO,YES,YES,NO,NO
cluster0,ID12549,53,MALE,RURAL,"$48,972",YES,3,YES,YES,NO,NO,YES
cluster0,ID12551,42,MALE,INNER_CITY,"$28,939",YES,3,YES,NO,NO,NO,NO
cluster0,ID12552,43,MALE,TOWN,"$38,540",NO,0,YES,YES,NO,YES,NO
cluster0,ID12555,24,MALE,INNER_CITY,"$16,352",NO,0,NO,YES,YES,YES,NO
cluster0,ID12556,27,FEMALE,INNER_CITY,"$11,866",YES,0,YES,YES,YES,NO,NO
cluster0,ID12557,32,FEMALE,TOWN,"$13,268",YES,0,YES,YES,YES,YES,NO
cluster0,ID12558,65,FEMALE,INNER_CITY,"$61,555",YES,0,NO,YES,YES,NO,NO
cluster0,ID12559,18,MALE,SUBURBAN,"$13,700",NO,1,NO,YES,YES,NO,NO
cluster0,ID12561,41,MALE,INNER_CITY,"$23,476",YES,0,YES,NO,YES,YES,YES
cluster0,ID12562,64,FEMALE,SUBURBAN,"$24,554",YES,0,YES,YES,NO,YES,NO
cluster0,ID12564,29,FEMALE,RURAL,"$15,238",YES,2,YES,NO,YES,NO,NO
cluster0,ID12567,38,MALE,INNER_CITY,"$21,877",YES,0,NO,NO,YES,NO,NO
cluster0,ID12572,51,FEMALE,INNER_CITY,"$25,373",YES,0,YES,YES,YES,NO,NO
cluster0,ID12573,61,MALE,INNER_CITY,"$21,140",YES,2,YES,YES,NO,NO,NO
cluster0,ID12578,40,MALE,INNER_CITY,"$27,418",YES,0,NO,YES,YES,YES,NO
cluster0,ID12584,23,MALE,RURAL,"$16,404",YES,0,YES,YES,NO,NO,NO
cluster0,ID12586,64,FEMALE,INNER_CITY,"$49,917",YES,0,YES,YES,YES,YES,NO
cluster0,ID12601,39,FEMALE,INNER_CITY,"$27,766",YES,3,YES,YES,NO,NO,NO
cluster0,ID12604,22,FEMALE,INNER_CITY,"$15,308",NO,0,YES,YES,YES,YES,NO
cluster0,ID12606,35,FEMALE,TOWN,"$28,658",YES,0,YES,YES,YES,NO,NO
cluster0,ID12612,44,MALE,INNER_CITY,"$16,089",YES,3,NO,YES,YES,NO,NO
cluster0,ID12613,63,FEMALE,TOWN,"$43,943",YES,0,YES,YES,YES,YES,NO
cluster0,ID12615,37,MALE,INNER_CITY,"$33,886",NO,0,YES,YES,NO,NO,YES
cluster0,ID12620,56,FEMALE,INNER_CITY,"$28,981",YES,3,YES,YES,YES,YES,NO
cluster0,ID12625,44,MALE,SUBURBAN,"$18,707",YES,0,YES,YES,YES,YES,YES
cluster0,ID12630,55,MALE,RURAL,"$43,500",YES,1,YES,YES,YES,NO,NO
cluster0,ID12634,60,MALE,INNER_CITY,"$29,714",YES,0,YES,NO,YES,YES,YES
cluster0,ID12636,29,MALE,INNER_CITY,"$10,073",YES,0,NO,NO,YES,NO,NO
cluster0,ID12639,43,FEMALE,INNER_CITY,"$38,784",YES,0,NO,YES,YES,NO,NO
cluster0,ID12643,32,MALE,INNER_CITY,"$14,628",YES,2,YES,YES,YES,NO,NO
cluster0,ID12645,46,MALE,RURAL,"$21,096",YES,1,YES,YES,YES,NO,YES
cluster0,ID12648,22,MALE,SUBURBAN,"$9,317",YES,2,YES,YES,YES,NO,NO
cluster0,ID12649,42,MALE,RURAL,"$20,736",YES,1,YES,YES,YES,NO,YES
cluster0,ID12651,23,FEMALE,INNER_CITY,"$8,020",YES,1,YES,NO,YES,NO,NO
cluster0,ID12652,58,MALE,SUBURBAN,"$32,245",YES,3,NO,NO,NO,NO,NO
cluster0,ID12653,45,MALE,INNER_CITY,"$41,107",YES,2,YES,YES,YES,NO,NO
cluster0,ID12655,67,FEMALE,INNER_CITY,"$36,096",YES,3,YES,YES,YES,NO,NO
cluster0,ID12658,41,MALE,RURAL,"$25,133",YES,0,NO,NO,YES,NO,NO
cluster0,ID12659,38,FEMALE,SUBURBAN,"$31,291",YES,0,NO,YES,YES,NO,NO
cluster0,ID12665,44,MALE,SUBURBAN,"$23,092",YES,0,YES,NO,YES,YES,YES
cluster0,ID12666,30,MALE,TOWN,"$24,868",YES,0,YES,YES,NO,NO,NO
cluster0,ID12668,19,FEMALE,INNER_CITY,"$17,371",YES,2,YES,YES,YES,NO,NO
cluster0,ID12669,37,FEMALE,TOWN,"$29,574",YES,0,YES,YES,YES,NO,NO
cluster0,ID12672,40,MALE,INNER_CITY,"$36,166",YES,0,NO,NO,NO,NO,NO
cluster0,ID12674,39,MALE,TOWN,"$22,401",YES,2,YES,YES,YES,NO,NO
cluster0,ID12675,43,FEMALE,INNER_CITY,"$28,470",YES,0,YES,YES,YES,NO,NO
cluster0,ID12678,62,MALE,TOWN,"$45,343",YES,0,YES,YES,NO,NO,YES
cluster0,ID12679,18,MALE,INNER_CITY,"$6,294",NO,0,NO,YES,YES,YES,NO
cluster0,ID12680,47,FEMALE,TOWN,"$25,128",YES,0,YES,NO,NO,NO,NO
cluster0,ID12682,20,MALE,TOWN,"$12,645",YES,2,YES,NO,YES,YES,NO
cluster0,ID12686,20,MALE,TOWN,"$9,517",NO,3,YES,YES,YES,NO,NO
cluster0,ID12689,58,MALE,RURAL,"$49,674",YES,0,NO,YES,YES,NO,NO
cluster0,ID12690,29,MALE,SUBURBAN,"$12,623",YES,1,YES,YES,YES,NO,NO
cluster0,ID12693,48,MALE,TOWN,"$20,268",YES,0,NO,YES,YES,NO,NO
cluster0,ID12695,59,FEMALE,RURAL,"$30,972",YES,3,YES,YES,YES,YES,NO
cluster0,ID12697,30,FEMALE,INNER_CITY,"$9,672",YES,0,YES,YES,YES,NO,NO
cluster1,ID12106,57,FEMALE,TOWN,"$37,870",YES,2,NO,YES,YES,NO,YES
cluster1,ID12124,27,FEMALE,TOWN,"$15,539",NO,0,YES,YES,YES,YES,NO
cluster1,ID12131,61,FEMALE,RURAL,"$22,943",YES,2,NO,YES,YES,NO,NO
cluster1,ID12132,20,FEMALE,TOWN,"$16,326",YES,2,NO,YES,NO,NO,NO
cluster1,ID12143,67,MALE,TOWN,"$55,717",NO,2,YES,YES,NO,NO,YES
cluster1,ID12147,50,FEMALE,INNER_CITY,"$13,284",NO,1,YES,YES,YES,NO,YES
cluster1,ID12149,52,MALE,INNER_CITY,"$39,548",NO,2,YES,NO,YES,NO,YES
cluster1,ID12151,24,MALE,TOWN,"$14,310",NO,2,YES,YES,NO,NO,NO
cluster1,ID12162,65,FEMALE,INNER_CITY,"$36,589",NO,1,YES,NO,YES,NO,YES
cluster1,ID12167,19,MALE,TOWN,"$10,861",NO,2,NO,YES,YES,NO,NO
cluster1,ID12168,41,FEMALE,TOWN,"$34,893",NO,0,NO,YES,YES,YES,NO
cluster1,ID12169,30,MALE,TOWN,"$19,403",NO,2,NO,YES,YES,NO,NO
cluster1,ID12175,64,FEMALE,INNER_CITY,"$52,674",NO,2,YES,YES,YES,NO,YES
cluster1,ID12176,59,FEMALE,RURAL,"$35,611",NO,2,YES,NO,NO,NO,YES
cluster1,ID12180,58,FEMALE,TOWN,"$34,525",YES,2,YES,YES,NO,NO,YES
cluster1,ID12181,50,FEMALE,TOWN,"$22,052",NO,3,NO,YES,YES,NO,YES
cluster1,ID12188,66,FEMALE,TOWN,"$22,562",NO,0,YES,YES,YES,YES,NO
cluster1,ID12199,35,FEMALE,INNER_CITY,"$12,126",NO,2,NO,YES,YES,NO,NO
cluster1,ID12211,36,MALE,TOWN,"$37,331",NO,2,NO,YES,YES,NO,YES
cluster1,ID12214,36,MALE,TOWN,"$33,631",NO,2,YES,YES,YES,NO,YES
cluster1,ID12217,56,FEMALE,TOWN,"$21,730",YES,2,NO,YES,NO,NO,NO
cluster1,ID12220,64,FEMALE,RURAL,"$45,765",YES,3,YES,YES,YES,NO,YES
cluster1,ID12222,62,FEMALE,RURAL,"$54,864",YES,1,YES,YES,YES,NO,YES
cluster1,ID12225,47,MALE,RURAL,"$45,032",NO,3,YES,YES,NO,NO,YES
cluster1,ID12233,52,FEMALE,SUBURBAN,"$16,716",NO,2,YES,YES,YES,NO,NO
cluster1,ID12235,66,FEMALE,TOWN,"$59,504",YES,2,YES,YES,YES,YES,YES
cluster1,ID12236,53,FEMALE,TOWN,"$31,335",YES,1,YES,YES,YES,NO,YES
cluster1,ID12248,20,FEMALE,INNER_CITY,"$18,860",NO,2,NO,YES,YES,NO,NO
cluster1,ID12252,43,MALE,TOWN,"$36,433",NO,2,YES,NO,YES,NO,YES
cluster1,ID12264,21,FEMALE,TOWN,"$7,549",NO,1,YES,NO,YES,NO,NO
cluster1,ID12269,37,FEMALE,TOWN,"$26,708",NO,0,YES,YES,YES,NO,NO
cluster1,ID12275,67,FEMALE,TOWN,"$41,558",YES,2,NO,YES,YES,NO,YES
cluster1,ID12291,67,FEMALE,SUBURBAN,"$63,130",YES,2,YES,YES,YES,NO,YES
cluster1,ID12295,55,MALE,SUBURBAN,"$36,192",YES,2,YES,NO,YES,NO,YES
cluster1,ID12319,39,MALE,TOWN,"$31,694",NO,0,YES,YES,NO,NO,YES
cluster1,ID12321,37,FEMALE,INNER_CITY,"$26,262",NO,2,YES,NO,NO,NO,NO
cluster1,ID12337,65,MALE,TOWN,"$52,256",NO,2,YES,YES,YES,NO,YES
cluster1,ID12342,59,FEMALE,INNER_CITY,"$56,031",NO,0,YES,YES,YES,NO,YES
cluster1,ID12357,49,FEMALE,SUBURBAN,"$26,098",NO,2,NO,YES,YES,NO,NO
cluster1,ID12367,58,MALE,TOWN,"$33,229",NO,0,YES,YES,YES,NO,YES
cluster1,ID12371,67,FEMALE,SUBURBAN,"$60,748",NO,2,NO,YES,YES,YES,YES
cluster1,ID12372,62,FEMALE,INNER_CITY,"$56,394",NO,0,YES,YES,YES,NO,YES
cluster1,ID12390,52,FEMALE,RURAL,"$37,162",YES,1,YES,YES,YES,NO,YES
cluster1,ID12392,44,FEMALE,INNER_CITY,"$39,254",NO,0,YES,YES,NO,NO,YES
cluster1,ID12397,54,FEMALE,RURAL,"$24,583",NO,2,YES,YES,YES,YES,NO
cluster1,ID12399,47,FEMALE,INNER_CITY,"$17,140",NO,2,YES,NO,YES,NO,NO
cluster1,ID12407,63,MALE,INNER_CITY,"$52,117",NO,2,YES,YES,YES,NO,YES
cluster1,ID12409,48,MALE,TOWN,"$25,683",NO,2,YES,YES,YES,NO,NO
cluster1,ID12413,61,FEMALE,TOWN,"$30,760",NO,2,YES,NO,YES,NO,YES
cluster1,ID12414,18,FEMALE,RURAL,"$16,110",NO,2,YES,YES,YES,NO,NO
cluster1,ID12419,31,FEMALE,INNER_CITY,"$23,172",NO,2,NO,YES,NO,NO,NO
cluster1,ID12421,53,MALE,INNER_CITY,"$38,103",NO,2,YES,YES,YES,NO,YES
cluster1,ID12431,66,FEMALE,RURAL,"$52,770",YES,3,YES,YES,YES,NO,YES
cluster1,ID12454,48,MALE,TOWN,"$43,057",NO,1,YES,YES,YES,NO,YES
cluster1,ID12459,52,FEMALE,INNER_CITY,"$34,254",NO,3,YES,NO,YES,NO,NO
cluster1,ID12461,64,FEMALE,TOWN,"$51,621",NO,2,YES,YES,YES,NO,YES
cluster1,ID12465,56,FEMALE,TOWN,"$51,299",YES,1,YES,YES,NO,NO,YES
cluster1,ID12467,59,FEMALE,INNER_CITY,"$29,867",NO,1,YES,NO,YES,NO,YES
cluster1,ID12472,44,FEMALE,INNER_CITY,"$38,454",NO,2,NO,YES,YES,NO,YES
cluster1,ID12475,67,FEMALE,SUBURBAN,"$47,199",YES,2,NO,YES,YES,NO,YES
cluster1,ID12481,56,FEMALE,TOWN,"$26,543",NO,0,YES,YES,YES,NO,YES
cluster1,ID12484,40,FEMALE,TOWN,"$34,837",YES,1,YES,YES,YES,NO,YES
cluster1,ID12486,57,FEMALE,INNER_CITY,"$38,248",NO,3,YES,NO,YES,YES,NO
cluster1,ID12488,61,MALE,INNER_CITY,"$30,158",NO,1,YES,NO,NO,NO,YES
cluster1,ID12493,58,FEMALE,TOWN,"$38,248",YES,3,YES,YES,NO,NO,NO
cluster1,ID12513,67,FEMALE,INNER_CITY,"$58,092",NO,2,YES,YES,YES,NO,YES
cluster1,ID12519,28,FEMALE,TOWN,"$25,699",YES,2,YES,YES,NO,NO,YES
cluster1,ID12525,20,MALE,TOWN,"$17,240",NO,1,YES,NO,YES,NO,YES
cluster1,ID12532,64,FEMALE,TOWN,"$58,367",YES,1,YES,YES,YES,NO,YES
cluster1,ID12536,23,MALE,TOWN,"$11,737",NO,2,YES,YES,YES,YES,NO
cluster1,ID12554,59,FEMALE,RURAL,"$51,284",NO,0,YES,YES,YES,YES,NO
cluster1,ID12565,28,MALE,TOWN,"$20,555",NO,0,YES,YES,YES,NO,YES
cluster1,ID12566,57,FEMALE,TOWN,"$28,422",YES,2,YES,YES,YES,YES,NO
cluster1,ID12570,63,MALE,TOWN,"$37,415",NO,3,YES,YES,YES,NO,NO
cluster1,ID12575,31,FEMALE,TOWN,"$22,678",NO,1,YES,YES,YES,YES,YES
cluster1,ID12580,46,MALE,TOWN,"$43,396",NO,1,YES,YES,YES,NO,YES
cluster1,ID12582,47,MALE,INNER_CITY,"$44,659",NO,2,YES,YES,YES,NO,YES
cluster1,ID12592,46,FEMALE,TOWN,"$17,149",NO,1,YES,YES,YES,NO,YES
cluster1,ID12597,50,MALE,TOWN,"$40,973",NO,2,YES,YES,YES,YES,YES
cluster1,ID12602,58,FEMALE,INNER_CITY,"$33,007",NO,1,YES,NO,YES,NO,YES
cluster1,ID12608,22,FEMALE,SUBURBAN,"$11,595",NO,0,YES,YES,YES,NO,YES
cluster1,ID12610,23,FEMALE,RURAL,"$11,215",YES,2,YES,YES,YES,NO,YES
cluster1,ID12621,38,FEMALE,INNER_CITY,"$12,164",YES,2,YES,NO,YES,NO,YES
cluster1,ID12622,36,FEMALE,TOWN,"$17,248",YES,2,YES,YES,YES,NO,NO
cluster1,ID12635,27,FEMALE,TOWN,"$13,950",NO,1,YES,YES,YES,YES,NO
cluster1,ID12638,61,FEMALE,RURAL,"$57,176",NO,2,NO,YES,YES,NO,YES
cluster1,ID12656,20,FEMALE,TOWN,"$7,724",YES,2,YES,YES,YES,NO,NO
cluster1,ID12673,33,FEMALE,SUBURBAN,"$27,713",NO,2,NO,YES,YES,NO,YES
cluster1,ID12677,24,FEMALE,TOWN,"$19,160",YES,1,YES,YES,YES,NO,YES
cluster1,ID12683,46,FEMALE,TOWN,"$21,984",NO,3,NO,YES,NO,NO,NO
cluster1,ID12684,47,FEMALE,RURAL,"$29,093",NO,2,YES,YES,YES,NO,NO
cluster1,ID12688,43,FEMALE,TOWN,"$31,274",NO,1,YES,YES,NO,NO,YES
cluster1,ID12696,61,FEMALE,INNER_CITY,"$47,025",NO,2,YES,YES,YES,YES,NO
cluster1,ID12698,31,FEMALE,TOWN,"$15,976",YES,0,YES,YES,NO,NO,YES
cluster2,ID12117,37,FEMALE,TOWN,"$17,730",YES,2,NO,NO,NO,YES,NO
cluster2,ID12118,46,FEMALE,SUBURBAN,"$41,016",YES,0,NO,YES,NO,YES,NO
cluster2,ID12119,62,FEMALE,INNER_CITY,"$26,909",YES,0,NO,YES,NO,NO,YES
cluster2,ID12144,32,FEMALE,TOWN,"$27,572",YES,0,YES,NO,YES,YES,NO
cluster2,ID12152,36,MALE,TOWN,"$23,895",YES,0,NO,NO,NO,NO,NO
cluster2,ID12159,29,FEMALE,INNER_CITY,"$15,144",YES,0,NO,NO,YES,NO,NO
cluster2,ID12185,62,MALE,INNER_CITY,"$24,026",YES,0,NO,NO,YES,YES,YES
cluster2,ID12197,22,MALE,INNER_CITY,"$7,949",YES,1,NO,NO,NO,YES,NO
cluster2,ID12203,42,MALE,INNER_CITY,"$15,500",YES,0,YES,NO,YES,YES,YES
cluster2,ID12212,34,MALE,INNER_CITY,"$25,333",YES,3,YES,NO,NO,YES,NO
cluster2,ID12237,20,FEMALE,INNER_CITY,"$14,049",YES,2,YES,NO,YES,YES,NO
cluster2,ID12243,28,FEMALE,TOWN,"$17,241",YES,1,YES,NO,NO,YES,NO
cluster2,ID12262,40,FEMALE,INNER_CITY,"$12,977",YES,0,NO,NO,NO,NO,NO
cluster2,ID12265,40,FEMALE,INNER_CITY,"$24,904",YES,0,NO,NO,NO,NO,NO
cluster2,ID12268,24,MALE,INNER_CITY,"$8,563",NO,1,NO,NO,NO,YES,NO
cluster2,ID12279,43,MALE,INNER_CITY,"$15,255",YES,0,NO,NO,NO,NO,YES
cluster2,ID12287,20,FEMALE,INNER_CITY,"$18,276",YES,0,NO,NO,NO,YES,YES
cluster2,ID12294,41,MALE,INNER_CITY,"$16,250",YES,0,YES,NO,YES,YES,YES
cluster2,ID12297,30,FEMALE,INNER_CITY,"$18,802",NO,0,NO,NO,YES,YES,YES
cluster2,ID12299,26,MALE,INNER_CITY,"$14,586",NO,2,NO,NO,YES,YES,NO
cluster2,ID12306,18,MALE,INNER_CITY,"$14,389",NO,0,YES,NO,YES,YES,YES
cluster2,ID12310,27,MALE,INNER_CITY,"$20,772",NO,0,NO,YES,NO,NO,YES
cluster2,ID12330,27,MALE,INNER_CITY,"$12,280",NO,0,YES,NO,NO,NO,YES
cluster2,ID12331,59,FEMALE,INNER_CITY,"$30,189",YES,0,YES,NO,YES,YES,YES
cluster2,ID12333,31,MALE,SUBURBAN,"$14,059",YES,0,NO,NO,YES,YES,YES
cluster2,ID12339,26,FEMALE,RURAL,"$18,068",YES,2,NO,YES,NO,NO,NO
cluster2,ID12341,26,FEMALE,RURAL,"$11,299",YES,2,YES,NO,NO,NO,NO
cluster2,ID12347,23,FEMALE,INNER_CITY,"$7,606",NO,3,YES,NO,NO,NO,NO
cluster2,ID12353,23,MALE,INNER_CITY,"$14,291",YES,2,NO,NO,YES,YES,NO
cluster2,ID12354,42,FEMALE,TOWN,"$17,883",YES,1,NO,NO,NO,NO,YES
cluster2,ID12358,28,FEMALE,TOWN,"$23,371",YES,2,NO,NO,YES,YES,NO
cluster2,ID12366,21,MALE,INNER_CITY,"$17,922",YES,1,YES,NO,NO,NO,YES
cluster2,ID12376,18,MALE,RURAL,"$9,363",YES,0,YES,NO,YES,YES,YES
cluster2,ID12381,32,MALE,INNER_CITY,"$22,328",YES,1,NO,NO,NO,NO,YES
cluster2,ID12386,25,MALE,TOWN,"$9,486",YES,0,NO,NO,NO,NO,NO
cluster2,ID12398,18,MALE,RURAL,"$8,639",YES,2,NO,NO,NO,NO,NO
cluster2,ID12402,37,FEMALE,TOWN,"$15,350",YES,0,NO,YES,NO,NO,NO
cluster2,ID12422,35,MALE,RURAL,"$22,883",YES,0,YES,NO,NO,YES,YES
cluster2,ID12428,24,MALE,INNER_CITY,"$21,268",YES,0,NO,NO,YES,YES,YES
cluster2,ID12433,33,FEMALE,TOWN,"$29,542",YES,0,NO,YES,NO,NO,NO
cluster2,ID12437,39,MALE,INNER_CITY,"$26,901",YES,2,NO,NO,NO,YES,NO
cluster2,ID12440,20,MALE,INNER_CITY,"$18,185",YES,0,NO,NO,YES,YES,YES
cluster2,ID12451,33,FEMALE,INNER_CITY,"$31,207",NO,0,YES,NO,YES,YES,YES
cluster2,ID12455,49,FEMALE,SUBURBAN,"$30,199",YES,0,YES,NO,YES,YES,YES
cluster2,ID12473,24,FEMALE,INNER_CITY,"$7,756",NO,0,NO,NO,NO,NO,YES
cluster2,ID12477,58,FEMALE,TOWN,"$33,204",NO,1,NO,NO,NO,YES,YES
cluster2,ID12479,19,MALE,SUBURBAN,"$17,987",YES,0,NO,NO,YES,YES,YES
cluster2,ID12480,20,FEMALE,INNER_CITY,"$9,910",YES,3,NO,NO,YES,NO,NO
cluster2,ID12495,58,FEMALE,SUBURBAN,"$25,469",NO,0,YES,NO,NO,YES,YES
cluster2,ID12496,67,FEMALE,TOWN,"$23,486",YES,3,YES,NO,NO,YES,NO
cluster2,ID12502,26,MALE,RURAL,"$19,564",NO,3,YES,NO,NO,YES,NO
cluster2,ID12504,35,MALE,INNER_CITY,"$20,754",NO,0,NO,NO,NO,YES,YES
cluster2,ID12509,41,FEMALE,SUBURBAN,"$21,984",YES,1,YES,NO,NO,NO,YES
cluster2,ID12514,26,FEMALE,INNER_CITY,"$16,519",YES,0,YES,NO,YES,NO,YES
cluster2,ID12518,31,MALE,RURAL,"$22,849",YES,1,YES,NO,NO,NO,YES
cluster2,ID12528,53,FEMALE,INNER_CITY,"$32,184",YES,2,YES,NO,NO,NO,YES
cluster2,ID12537,35,MALE,INNER_CITY,"$16,480",YES,0,YES,NO,NO,YES,YES
cluster2,ID12563,23,FEMALE,INNER_CITY,"$18,050",YES,0,YES,NO,YES,YES,YES
cluster2,ID12587,35,FEMALE,TOWN,"$21,624",YES,0,NO,YES,NO,YES,NO
cluster2,ID12589,27,FEMALE,TOWN,"$14,015",YES,3,NO,YES,NO,NO,NO
cluster2,ID12590,27,MALE,INNER_CITY,"$20,409",YES,2,NO,YES,NO,NO,YES
cluster2,ID12593,61,FEMALE,TOWN,"$27,756",YES,0,YES,YES,NO,YES,YES
cluster2,ID12596,44,MALE,INNER_CITY,"$38,460",YES,0,NO,NO,NO,YES,YES
cluster2,ID12603,32,FEMALE,TOWN,"$26,325",YES,0,YES,NO,NO,NO,NO
cluster2,ID12607,59,FEMALE,INNER_CITY,"$23,175",YES,0,NO,NO,NO,YES,YES
cluster2,ID12611,29,FEMALE,TOWN,"$13,328",YES,0,NO,YES,NO,NO,NO
cluster2,ID12624,34,FEMALE,TOWN,"$16,291",YES,0,YES,YES,NO,YES,NO
cluster2,ID12627,32,MALE,INNER_CITY,"$14,512",NO,2,NO,YES,NO,YES,NO
cluster2,ID12629,30,FEMALE,INNER_CITY,"$25,831",YES,2,NO,NO,YES,NO,NO
cluster2,ID12632,36,FEMALE,INNER_CITY,"$27,643",NO,1,YES,NO,NO,NO,YES
cluster2,ID12647,27,FEMALE,INNER_CITY,"$15,282",NO,0,YES,NO,NO,YES,YES
cluster2,ID12654,49,FEMALE,SUBURBAN,"$39,358",YES,0,YES,NO,NO,YES,NO
cluster2,ID12660,67,FEMALE,SUBURBAN,"$24,858",YES,0,NO,NO,YES,YES,YES
cluster2,ID12691,25,MALE,INNER_CITY,"$23,819",YES,0,NO,NO,NO,NO,NO
cluster2,ID12699,29,MALE,INNER_CITY,"$14,712",YES,0,NO,YES,NO,YES,NO
cluster3,ID12113,44,FEMALE,TOWN,"$15,736",YES,1,NO,YES,YES,YES,YES
cluster3,ID12128,39,FEMALE,TOWN,"$20,114",YES,1,NO,NO,YES,NO,YES
cluster3,ID12136,27,FEMALE,INNER_CITY,"$19,868",YES,2,NO,YES,YES,NO,NO
cluster3,ID12148,29,MALE,INNER_CITY,"$13,107",NO,2,NO,YES,YES,YES,YES
cluster3,ID12160,34,MALE,INNER_CITY,"$25,334",NO,1,YES,YES,YES,YES,YES
cluster3,ID12161,42,FEMALE,INNER_CITY,"$24,763",YES,1,NO,YES,YES,YES,YES
cluster3,ID12174,58,FEMALE,INNER_CITY,"$23,198",YES,2,NO,YES,NO,YES,NO
cluster3,ID12183,29,FEMALE,INNER_CITY,"$12,591",YES,1,NO,YES,YES,NO,NO
cluster3,ID12184,35,MALE,INNER_CITY,"$16,394",YES,1,NO,YES,YES,NO,YES
cluster3,ID12192,28,FEMALE,INNER_CITY,"$25,429",NO,2,NO,YES,YES,YES,NO
cluster3,ID12205,64,FEMALE,INNER_CITY,"$34,514",YES,1,NO,YES,YES,NO,YES
cluster3,ID12210,30,FEMALE,INNER_CITY,"$24,032",YES,2,YES,YES,YES,YES,NO
cluster3,ID12218,26,MALE,INNER_CITY,"$10,044",YES,3,NO,YES,YES,YES,NO
cluster3,ID12223,36,FEMALE,TOWN,"$20,799",YES,1,NO,YES,NO,YES,YES
cluster3,ID12240,64,FEMALE,INNER_CITY,"$55,263",NO,1,NO,YES,YES,NO,YES
cluster3,ID12245,25,MALE,INNER_CITY,"$18,923",YES,1,NO,YES,YES,NO,YES
cluster3,ID12254,33,MALE,INNER_CITY,"$24,761",YES,1,NO,YES,YES,YES,YES
cluster3,ID12256,20,FEMALE,SUBURBAN,"$8,144",YES,2,NO,YES,YES,NO,YES
cluster3,ID12260,44,FEMALE,TOWN,"$15,315",YES,1,NO,YES,YES,NO,YES
cluster3,ID12278,41,FEMALE,INNER_CITY,"$30,099",YES,0,YES,YES,YES,YES,YES
cluster3,ID12281,22,FEMALE,INNER_CITY,"$17,655",YES,1,NO,YES,YES,YES,YES
cluster3,ID12300,26,FEMALE,INNER_CITY,"$20,819",YES,0,NO,YES,YES,NO,YES
cluster3,ID12305,22,MALE,INNER_CITY,"$12,765",YES,1,NO,YES,YES,YES,YES
cluster3,ID12308,25,FEMALE,INNER_CITY,"$14,960",YES,0,NO,YES,YES,YES,NO
cluster3,ID12323,42,FEMALE,INNER_CITY,"$39,309",YES,1,NO,YES,YES,NO,YES
cluster3,ID12324,67,FEMALE,INNER_CITY,"$43,530",YES,0,NO,YES,YES,YES,NO
cluster3,ID12332,31,MALE,INNER_CITY,"$28,969",NO,1,NO,NO,YES,YES,NO
cluster3,ID12336,49,FEMALE,INNER_CITY,"$16,711",NO,1,NO,YES,YES,YES,YES
cluster3,ID12338,22,FEMALE,INNER_CITY,"$17,867",YES,2,NO,YES,YES,YES,NO
cluster3,ID12355,21,FEMALE,RURAL,"$10,629",NO,3,NO,YES,YES,YES,NO
cluster3,ID12362,40,FEMALE,TOWN,"$28,882",YES,1,NO,YES,YES,YES,YES
cluster3,ID12377,46,FEMALE,SUBURBAN,"$28,703",NO,1,NO,YES,YES,YES,YES
cluster3,ID12384,43,FEMALE,INNER_CITY,"$39,176",YES,3,NO,YES,YES,YES,NO
cluster3,ID12385,22,FEMALE,INNER_CITY,"$13,739",YES,3,NO,YES,YES,NO,NO
cluster3,ID12387,39,MALE,INNER_CITY,"$24,676",YES,1,YES,YES,YES,YES,YES
cluster3,ID12401,19,FEMALE,INNER_CITY,"$8,162",YES,1,YES,YES,YES,YES,NO
cluster3,ID12410,28,FEMALE,INNER_CITY,"$11,921",NO,1,NO,YES,YES,NO,NO
cluster3,ID12423,25,FEMALE,TOWN,"$11,044",YES,1,YES,YES,NO,YES,NO
cluster3,ID12427,39,MALE,INNER_CITY,"$34,852",YES,1,NO,YES,NO,YES,YES
cluster3,ID12429,57,FEMALE,RURAL,"$50,849",NO,1,NO,YES,NO,YES,YES
cluster3,ID12432,18,FEMALE,INNER_CITY,"$11,601",YES,2,NO,YES,YES,YES,NO
cluster3,ID12435,23,FEMALE,SUBURBAN,"$21,042",YES,1,NO,NO,YES,NO,YES
cluster3,ID12453,56,FEMALE,RURAL,"$24,608",NO,1,NO,YES,YES,YES,NO
cluster3,ID12456,54,FEMALE,RURAL,"$50,186",YES,2,NO,YES,YES,YES,YES
cluster3,ID12460,52,FEMALE,INNER_CITY,"$22,792",YES,1,YES,YES,NO,NO,YES
cluster3,ID12499,64,FEMALE,INNER_CITY,"$57,445",NO,1,NO,YES,YES,NO,YES
cluster3,ID12505,24,FEMALE,INNER_CITY,"$13,865",YES,3,NO,YES,YES,NO,YES
cluster3,ID12511,27,FEMALE,INNER_CITY,"$18,159",NO,1,YES,NO,YES,YES,YES
cluster3,ID12517,36,MALE,INNER_CITY,"$12,533",NO,1,NO,YES,NO,YES,NO
cluster3,ID12529,34,FEMALE,INNER_CITY,"$17,309",YES,1,YES,NO,YES,YES,YES
cluster3,ID12538,64,FEMALE,INNER_CITY,"$31,416",NO,1,YES,YES,NO,YES,YES
cluster3,ID12539,18,FEMALE,SUBURBAN,"$12,117",YES,1,NO,NO,YES,NO,NO
cluster3,ID12541,40,MALE,INNER_CITY,"$29,415",YES,1,NO,YES,NO,YES,YES
cluster3,ID12571,62,FEMALE,INNER_CITY,"$41,522",YES,0,NO,YES,YES,YES,NO
cluster3,ID12576,33,FEMALE,TOWN,"$12,179",YES,2,NO,YES,YES,YES,NO
cluster3,ID12585,28,FEMALE,INNER_CITY,"$21,185",YES,1,YES,YES,YES,NO,YES
cluster3,ID12591,58,FEMALE,INNER_CITY,"$31,671",YES,1,YES,YES,NO,YES,YES
cluster3,ID12605,63,FEMALE,INNER_CITY,"$59,806",YES,1,YES,YES,YES,NO,YES
cluster3,ID12616,48,FEMALE,INNER_CITY,"$16,663",YES,1,NO,YES,YES,NO,YES
cluster3,ID12626,43,FEMALE,INNER_CITY,"$19,327",YES,1,NO,NO,YES,NO,YES
cluster3,ID12628,21,FEMALE,TOWN,"$10,672",NO,1,NO,YES,YES,YES,NO
cluster3,ID12637,53,FEMALE,INNER_CITY,"$37,851",NO,1,NO,YES,YES,NO,YES
cluster3,ID12640,19,MALE,INNER_CITY,"$10,192",YES,0,NO,YES,YES,YES,YES
cluster3,ID12641,48,FEMALE,INNER_CITY,"$21,821",YES,1,YES,YES,NO,YES,YES
cluster3,ID12657,43,FEMALE,RURAL,"$18,566",YES,1,YES,YES,YES,YES,YES
cluster3,ID12661,40,MALE,INNER_CITY,"$16,399",NO,1,NO,YES,YES,NO,YES
cluster3,ID12664,32,FEMALE,INNER_CITY,"$22,447",NO,1,NO,NO,YES,YES,YES
cluster3,ID12670,49,MALE,INNER_CITY,"$17,944",NO,1,YES,YES,YES,YES,YES
cluster3,ID12687,20,MALE,INNER_CITY,"$18,365",YES,1,NO,NO,YES,NO,YES
cluster3,ID12692,40,FEMALE,INNER_CITY,"$31,474",NO,2,NO,YES,YES,YES,YES
cluster4,ID12101,48,FEMALE,INNER_CITY,"$17,546",NO,1,NO,NO,NO,NO,YES
cluster4,ID12104,23,FEMALE,TOWN,"$20,375",YES,3,NO,NO,YES,NO,NO
cluster4,ID12105,57,FEMALE,RURAL,"$50,576",YES,0,NO,YES,NO,NO,NO
cluster4,ID12107,22,MALE,RURAL,"$8,877",NO,0,NO,NO,YES,NO,YES
cluster4,ID12135,43,MALE,SUBURBAN,"$37,522",NO,0,NO,YES,YES,NO,YES
cluster4,ID12138,36,FEMALE,RURAL,"$13,381",NO,0,YES,NO,YES,NO,YES
cluster4,ID12140,66,FEMALE,SUBURBAN,"$25,392",NO,2,NO,NO,YES,NO,NO
cluster4,ID12156,52,FEMALE,RURAL,"$47,836",NO,3,NO,YES,NO,NO,YES
cluster4,ID12157,58,FEMALE,INNER_CITY,"$24,978",NO,0,NO,NO,YES,NO,YES
cluster4,ID12170,31,FEMALE,RURAL,"$10,442",YES,2,NO,NO,YES,NO,YES
cluster4,ID12172,21,MALE,INNER_CITY,"$8,063",NO,0,NO,NO,YES,NO,YES
cluster4,ID12177,45,FEMALE,TOWN,"$26,948",NO,0,NO,YES,YES,YES,NO
cluster4,ID12190,54,FEMALE,INNER_CITY,"$31,096",YES,2,NO,NO,YES,NO,YES
cluster4,ID12193,53,FEMALE,RURAL,"$34,867",NO,0,NO,NO,YES,NO,YES
cluster4,ID12219,39,MALE,TOWN,"$17,270",NO,0,YES,NO,NO,NO,YES
cluster4,ID12224,35,FEMALE,RURAL,"$33,028",NO,1,NO,YES,YES,NO,YES
cluster4,ID12230,27,FEMALE,RURAL,"$21,350",NO,0,YES,YES,YES,NO,YES
cluster4,ID12231,43,MALE,INNER_CITY,"$23,246",NO,2,NO,NO,YES,NO,NO
cluster4,ID12238,57,FEMALE,INNER_CITY,"$39,205",NO,0,NO,YES,YES,NO,YES
cluster4,ID12239,65,FEMALE,RURAL,"$42,174",YES,0,NO,YES,YES,NO,NO
cluster4,ID12242,47,FEMALE,INNER_CITY,"$22,791",YES,0,NO,NO,YES,NO,NO
cluster4,ID12259,60,FEMALE,TOWN,"$21,506",YES,0,NO,NO,YES,NO,YES
cluster4,ID12263,49,FEMALE,TOWN,"$20,709",NO,3,NO,NO,YES,NO,NO
cluster4,ID12276,58,FEMALE,INNER_CITY,"$56,340",NO,0,NO,YES,YES,NO,YES
cluster4,ID12282,60,MALE,RURAL,"$56,659",NO,0,NO,YES,YES,NO,YES
cluster4,ID12293,64,FEMALE,RURAL,"$49,025",YES,3,NO,YES,YES,NO,YES
cluster4,ID12311,61,MALE,INNER_CITY,"$24,474",NO,0,YES,NO,NO,NO,YES
cluster4,ID12314,28,MALE,TOWN,"$13,176",NO,1,NO,NO,YES,NO,YES
cluster4,ID12326,47,FEMALE,RURAL,"$27,435",NO,0,YES,YES,YES,NO,YES
cluster4,ID12329,37,MALE,RURAL,"$28,022",NO,0,YES,NO,YES,YES,YES
cluster4,ID12335,57,FEMALE,RURAL,"$41,438",NO,3,NO,YES,NO,NO,NO
cluster4,ID12356,62,FEMALE,INNER_CITY,"$24,263",NO,0,YES,NO,YES,NO,YES
cluster4,ID12359,38,FEMALE,TOWN,"$21,496",NO,3,NO,NO,YES,YES,NO
cluster4,ID12360,36,MALE,TOWN,"$12,167",NO,0,NO,NO,NO,NO,NO
cluster4,ID12363,40,FEMALE,TOWN,"$21,612",YES,0,NO,NO,YES,NO,NO
cluster4,ID12368,48,FEMALE,SUBURBAN,"$30,396",NO,0,NO,YES,YES,NO,YES
cluster4,ID12379,65,FEMALE,RURAL,"$24,478",NO,0,NO,YES,NO,YES,NO
cluster4,ID12388,58,FEMALE,INNER_CITY,"$28,254",YES,3,NO,NO,YES,NO,NO
cluster4,ID12405,67,FEMALE,RURAL,"$57,398",NO,3,NO,YES,YES,NO,YES
cluster4,ID12406,35,FEMALE,RURAL,"$11,521",YES,0,NO,NO,YES,NO,NO
cluster4,ID12424,32,MALE,TOWN,"$24,028",NO,0,NO,YES,YES,NO,YES
cluster4,ID12426,24,FEMALE,TOWN,"$9,465",NO,0,NO,NO,YES,NO,YES
cluster4,ID12430,27,FEMALE,TOWN,"$18,556",YES,3,NO,NO,YES,NO,NO
cluster4,ID12450,53,FEMALE,INNER_CITY,"$24,042",NO,1,NO,NO,YES,NO,YES
cluster4,ID12457,41,FEMALE,SUBURBAN,"$22,916",YES,0,NO,NO,YES,NO,NO
cluster4,ID12458,19,MALE,RURAL,"$9,593",NO,0,NO,YES,YES,NO,YES
cluster4,ID12474,52,FEMALE,INNER_CITY,"$28,414",YES,0,NO,NO,YES,NO,NO
cluster4,ID12485,36,FEMALE,TOWN,"$26,921",YES,0,NO,NO,YES,NO,NO
cluster4,ID12487,49,MALE,INNER_CITY,"$15,689",NO,0,NO,NO,YES,NO,NO
cluster4,ID12492,40,MALE,TOWN,"$22,197",NO,0,YES,NO,YES,NO,YES
cluster4,ID12501,34,FEMALE,RURAL,"$19,481",NO,0,NO,NO,YES,YES,YES
cluster4,ID12508,31,MALE,SUBURBAN,"$22,362",NO,0,NO,YES,YES,NO,YES
cluster4,ID12526,44,FEMALE,RURAL,"$30,489",YES,0,NO,YES,YES,NO,NO
cluster4,ID12534,42,FEMALE,RURAL,"$28,139",YES,0,NO,NO,YES,YES,YES
cluster4,ID12544,38,MALE,TOWN,"$33,303",NO,0,YES,NO,YES,YES,YES
cluster4,ID12545,21,FEMALE,RURAL,"$15,797",YES,0,NO,YES,YES,NO,YES
cluster4,ID12548,35,FEMALE,TOWN,"$30,800",YES,2,NO,NO,YES,NO,YES
cluster4,ID12550,38,FEMALE,RURAL,"$34,061",NO,0,YES,YES,YES,NO,YES
cluster4,ID12553,59,FEMALE,INNER_CITY,"$27,045",NO,0,NO,NO,YES,NO,YES
cluster4,ID12568,34,FEMALE,SUBURBAN,"$12,810",NO,3,NO,YES,YES,NO,YES
cluster4,ID12569,43,MALE,SUBURBAN,"$15,109",YES,0,NO,NO,YES,NO,YES
cluster4,ID12574,41,FEMALE,TOWN,"$27,758",NO,0,NO,YES,YES,NO,YES
cluster4,ID12577,43,MALE,RURAL,"$26,107",NO,1,NO,NO,YES,NO,YES
cluster4,ID12583,44,MALE,RURAL,"$32,763",NO,0,NO,YES,YES,YES,NO
cluster4,ID12588,19,MALE,RURAL,"$16,626",YES,1,NO,NO,YES,NO,YES
cluster4,ID12594,59,MALE,INNER_CITY,"$40,950",NO,0,NO,YES,YES,NO,YES
cluster4,ID12595,47,FEMALE,RURAL,"$43,743",YES,3,NO,YES,YES,NO,NO
cluster4,ID12598,64,MALE,INNER_CITY,"$46,588",NO,0,NO,YES,YES,NO,YES
cluster4,ID12600,46,FEMALE,TOWN,"$18,912",YES,0,YES,NO,YES,NO,YES
cluster4,ID12614,25,FEMALE,RURAL,"$14,505",NO,3,NO,YES,YES,NO,NO
cluster4,ID12617,35,FEMALE,TOWN,"$20,263",NO,0,NO,YES,NO,NO,YES
cluster4,ID12619,27,FEMALE,TOWN,"$22,007",NO,3,NO,NO,YES,NO,NO
cluster4,ID12646,40,MALE,INNER_CITY,"$36,257",NO,0,NO,NO,YES,YES,YES
cluster4,ID12662,25,FEMALE,SUBURBAN,"$23,288",NO,0,NO,NO,YES,YES,YES
cluster4,ID12663,57,FEMALE,RURAL,"$50,898",YES,0,NO,YES,YES,NO,NO
cluster4,ID12671,49,FEMALE,RURAL,"$33,666",NO,3,YES,NO,YES,NO,NO
cluster4,ID12700,38,MALE,TOWN,"$26,672",NO,0,YES,NO,YES,YES,YES
cluster5,ID12114,66,FEMALE,TOWN,"$55,205",YES,1,YES,YES,YES,YES,YES
cluster5,ID12121,61,MALE,INNER_CITY,"$57,881",YES,2,NO,YES,NO,NO,YES
cluster5,ID12130,61,MALE,RURAL,"$24,270",YES,1,NO,NO,YES,NO,YES
cluster5,ID12141,55,MALE,TOWN,"$26,774",YES,0,NO,NO,YES,YES,YES
cluster5,ID12146,64,MALE,INNER_CITY,"$52,671",YES,2,NO,YES,YES,YES,YES
cluster5,ID12153,43,MALE,TOWN,"$16,260",YES,1,NO,YES,YES,NO,YES
cluster5,ID12154,48,MALE,SUBURBAN,"$29,794",NO,1,NO,YES,YES,NO,YES
cluster5,ID12155,63,MALE,TOWN,"$56,843",YES,0,NO,YES,YES,YES,NO
cluster5,ID12178,61,MALE,INNER_CITY,"$49,457",YES,1,YES,YES,YES,YES,YES
cluster5,ID12191,37,MALE,TOWN,"$24,815",YES,1,YES,NO,YES,YES,YES
cluster5,ID12198,34,MALE,TOWN,"$30,871",YES,2,YES,YES,YES,YES,YES
cluster5,ID12201,54,MALE,INNER_CITY,"$26,708",YES,1,NO,YES,YES,YES,YES
cluster5,ID12204,43,MALE,TOWN,"$33,089",NO,0,NO,YES,YES,YES,NO
cluster5,ID12221,46,MALE,RURAL,"$29,526",NO,2,NO,YES,NO,YES,NO
cluster5,ID12226,47,MALE,INNER_CITY,"$39,011",YES,2,NO,NO,YES,NO,YES
cluster5,ID12232,61,MALE,RURAL,"$41,610",YES,3,NO,YES,YES,YES,NO
cluster5,ID12246,58,MALE,SUBURBAN,"$51,204",YES,0,NO,YES,NO,YES,YES
cluster5,ID12251,53,MALE,RURAL,"$28,194",YES,1,YES,YES,YES,NO,YES
cluster5,ID12253,63,MALE,TOWN,"$54,619",YES,2,NO,YES,NO,YES,YES
cluster5,ID12266,26,MALE,RURAL,"$24,072",YES,1,NO,NO,YES,YES,YES
cluster5,ID12267,20,MALE,TOWN,"$9,590",NO,1,NO,YES,YES,YES,NO
cluster5,ID12280,63,MALE,INNER_CITY,"$36,086",YES,2,NO,NO,YES,NO,YES
cluster5,ID12286,49,MALE,RURAL,"$32,670",YES,1,YES,YES,YES,YES,YES
cluster5,ID12288,48,FEMALE,TOWN,"$34,410",YES,1,NO,NO,YES,NO,YES
cluster5,ID12296,52,MALE,INNER_CITY,"$17,840",YES,1,NO,YES,NO,YES,YES
cluster5,ID12301,46,MALE,TOWN,"$26,078",YES,1,YES,YES,YES,NO,YES
cluster5,ID12302,46,FEMALE,TOWN,"$41,627",YES,0,NO,YES,YES,YES,NO
cluster5,ID12312,58,MALE,TOWN,"$33,124",YES,1,YES,YES,YES,NO,YES
cluster5,ID12322,47,MALE,INNER_CITY,"$42,124",YES,2,NO,YES,YES,NO,YES
cluster5,ID12325,57,MALE,RURAL,"$49,874",YES,3,NO,YES,YES,NO,YES
cluster5,ID12328,56,MALE,TOWN,"$24,888",NO,0,NO,YES,YES,NO,YES
cluster5,ID12352,45,FEMALE,TOWN,"$36,058",YES,1,YES,YES,YES,YES,YES
cluster5,ID12378,25,MALE,TOWN,"$22,366",YES,1,YES,YES,YES,NO,YES
cluster5,ID12380,40,MALE,TOWN,"$36,972",YES,1,NO,NO,YES,YES,YES
cluster5,ID12393,51,MALE,RURAL,"$46,324",YES,2,YES,YES,YES,YES,YES
cluster5,ID12395,42,MALE,TOWN,"$22,496",YES,0,NO,YES,NO,YES,NO
cluster5,ID12404,49,MALE,RURAL,"$41,462",YES,3,NO,YES,YES,YES,NO
cluster5,ID12412,66,MALE,INNER_CITY,"$36,646",NO,1,NO,YES,YES,NO,YES
cluster5,ID12418,45,FEMALE,TOWN,"$37,689",NO,1,NO,YES,YES,YES,YES
cluster5,ID12436,44,MALE,TOWN,"$26,688",YES,1,NO,YES,NO,YES,YES
cluster5,ID12439,60,MALE,SUBURBAN,"$37,554",YES,2,YES,YES,YES,YES,YES
cluster5,ID12442,66,MALE,RURAL,"$48,346",YES,1,YES,YES,NO,NO,YES
cluster5,ID12446,65,FEMALE,TOWN,"$42,378",YES,1,NO,YES,YES,NO,YES
cluster5,ID12452,38,MALE,TOWN,"$24,424",YES,0,NO,YES,YES,YES,NO
cluster5,ID12462,56,MALE,TOWN,"$19,919",YES,3,NO,YES,YES,YES,NO
cluster5,ID12463,56,MALE,TOWN,"$29,625",YES,2,NO,NO,YES,NO,NO
cluster5,ID12469,21,MALE,TOWN,"$11,282",YES,0,NO,YES,YES,YES,NO
cluster5,ID12470,64,MALE,INNER_CITY,"$34,074",YES,3,NO,YES,NO,YES,NO
cluster5,ID12498,48,MALE,INNER_CITY,"$34,182",YES,2,NO,YES,YES,NO,YES
cluster5,ID12507,52,MALE,SUBURBAN,"$45,856",NO,1,NO,YES,YES,NO,YES
cluster5,ID12520,57,MALE,TOWN,"$21,613",YES,0,NO,YES,YES,YES,NO
cluster5,ID12522,49,MALE,INNER_CITY,"$41,438",NO,1,NO,YES,NO,NO,YES
cluster5,ID12527,65,FEMALE,TOWN,"$29,866",YES,3,NO,YES,NO,NO,NO
cluster5,ID12530,35,MALE,RURAL,"$27,864",NO,2,NO,YES,YES,YES,NO
cluster5,ID12531,48,MALE,TOWN,"$28,921",YES,0,NO,YES,NO,YES,NO
cluster5,ID12560,66,MALE,TOWN,"$46,964",YES,1,NO,YES,YES,NO,YES
cluster5,ID12579,47,MALE,TOWN,"$23,337",YES,2,NO,YES,YES,YES,NO
cluster5,ID12581,30,MALE,RURAL,"$11,536",YES,2,NO,NO,YES,YES,NO
cluster5,ID12599,51,FEMALE,TOWN,"$43,800",NO,0,NO,YES,YES,YES,NO
cluster5,ID12609,60,MALE,SUBURBAN,"$50,410",NO,2,NO,YES,YES,YES,YES
cluster5,ID12618,51,MALE,TOWN,"$33,615",YES,1,NO,YES,NO,YES,YES
cluster5,ID12623,27,MALE,SUBURBAN,"$12,684",NO,3,NO,YES,YES,YES,NO
cluster5,ID12631,64,MALE,SUBURBAN,"$59,175",YES,1,NO,YES,YES,NO,YES
cluster5,ID12633,59,MALE,INNER_CITY,"$30,068",NO,1,NO,YES,YES,NO,YES
cluster5,ID12642,39,MALE,RURAL,"$37,389",YES,2,NO,YES,YES,NO,YES
cluster5,ID12644,63,MALE,SUBURBAN,"$48,771",YES,1,YES,YES,NO,YES,YES
cluster5,ID12650,58,FEMALE,TOWN,"$52,663",YES,1,YES,YES,YES,YES,YES
cluster5,ID12667,43,MALE,TOWN,"$22,235",YES,0,NO,NO,YES,YES,NO
cluster5,ID12676,37,MALE,TOWN,"$30,488",YES,0,NO,YES,YES,YES,NO
cluster5,ID12681,63,MALE,SUBURBAN,"$51,879",YES,2,YES,YES,NO,YES,YES
cluster5,ID12685,33,MALE,TOWN,"$23,528",YES,1,NO,YES,YES,YES,YES
cluster5,ID12694,65,MALE,SUBURBAN,"$51,417",YES,2,NO,YES,YES,NO,YES
